Numero,Titulo,Tutorial,Combinación,Titulo para word,Covers,ListCovers,ListTutorial
10051,A Mi Manera(Vicente Fernandez),https://youtu.be/hfhOWKQjMP8,"Song('A Mi Manera(Vicente Fernandez)10051', 'https://youtu.be/hfhOWKQjMP8'),",A Mi Manera(Vicente Fernandez)10051,https://youtu.be/MPEn___y4Jw,"Cover('A Mi Manera(Vicente Fernandez)10051', 'https://youtu.be/MPEn___y4Jw'),","Tutoriales('A Mi Manera(Vicente Fernandez)10051', 'https://youtu.be/hfhOWKQjMP8'),"
10009,Aint No Sunshine(Bill Withers),https://youtu.be/eKjiHRKak80,"Song('Aint No Sunshine(Bill Withers)10009', 'https://youtu.be/eKjiHRKak80'),",Aint No Sunshine(Bill Withers)10009,https://youtu.be/R6qLZrZOzy8,"Cover('Aint No Sunshine(Bill Withers)10009', 'https://youtu.be/R6qLZrZOzy8'),","Tutoriales('Aint No Sunshine(Bill Withers)10009', 'https://youtu.be/eKjiHRKak80'),"
10007,Almohada(José José),https://youtu.be/5o4nAVP5kZQ,"Song('Almohada(José José)10007', 'https://youtu.be/5o4nAVP5kZQ'),",Almohada(José José)10007,,,"Tutoriales('Almohada(José José)10007', 'https://youtu.be/5o4nAVP5kZQ'),"
10024,Amigo(Roberto Carlos),https://youtu.be/E-KktTv0aic,"Song('Amigo(Roberto Carlos)10024', 'https://youtu.be/E-KktTv0aic'),",Amigo(Roberto Carlos)10024,https://youtu.be/eM3pvCPLwMc,"Cover('Amigo(Roberto Carlos)10024', 'https://youtu.be/eM3pvCPLwMc'),","Tutoriales('Amigo(Roberto Carlos)10024', 'https://youtu.be/E-KktTv0aic'),"
10042,Amor del Bueno(Reyli Barba),https://youtu.be/zj5W1KFIUig,"Song('Amor del Bueno(Reyli Barba)10042', 'https://youtu.be/zj5W1KFIUig'),",Amor del Bueno(Reyli Barba)10042,https://youtu.be/aksRPHiwFf8,"Cover('Amor del Bueno(Reyli Barba)10042', 'https://youtu.be/aksRPHiwFf8'),","Tutoriales('Amor del Bueno(Reyli Barba)10042', 'https://youtu.be/zj5W1KFIUig'),"
10014,Amor Eterno(Juan Gabriel),https://youtu.be/nEVviclBJnA,"Song('Amor Eterno(Juan Gabriel)10014', 'https://youtu.be/nEVviclBJnA'),",Amor Eterno(Juan Gabriel)10014,,,"Tutoriales('Amor Eterno(Juan Gabriel)10014', 'https://youtu.be/nEVviclBJnA'),"
10068,Amores Lejanos(Enanitos Verdes),,"Song('Amores Lejanos(Enanitos Verdes)10068', ''),",Amores Lejanos(Enanitos Verdes)10068,https://youtu.be/jdF8QT_xvWA,"Cover('Amores Lejanos(Enanitos Verdes)10068', 'https://youtu.be/jdF8QT_xvWA'),","Tutoriales('Amores Lejanos(Enanitos Verdes)10068', ''),"
10069,Anhelante(Gualberto Ibarreto),,"Song('Anhelante(Gualberto Ibarreto)10069', ''),",Anhelante(Gualberto Ibarreto)10069,https://youtu.be/QKpzGv9QV-Y,"Cover('Anhelante(Gualberto Ibarreto)10069', 'https://youtu.be/QKpzGv9QV-Y'),","Tutoriales('Anhelante(Gualberto Ibarreto)10069', ''),"
10030,Arrullo de Estrellas(Zoé),https://youtu.be/-3Tx8dSj_B4,"Song('Arrullo de Estrellas(Zoé)10030', 'https://youtu.be/-3Tx8dSj_B4'),",Arrullo de Estrellas(Zoé)10030,https://youtu.be/kVTvRey5ifA,"Cover('Arrullo de Estrellas(Zoé)10030', 'https://youtu.be/kVTvRey5ifA'),","Tutoriales('Arrullo de Estrellas(Zoé)10030', 'https://youtu.be/-3Tx8dSj_B4'),"
10065,Baby Can I Hold You(Tracy Chapman),,"Song('Baby Can I Hold You(Tracy Chapman)10065', ''),",Baby Can I Hold You(Tracy Chapman)10065,https://youtu.be/s8ka2ProbBA,"Cover('Baby Can I Hold You(Tracy Chapman)10065', 'https://youtu.be/s8ka2ProbBA'),","Tutoriales('Baby Can I Hold You(Tracy Chapman)10065', ''),"
10004,Cama y Mesa(Roberto Carlos),https://youtu.be/3HUM3aoCyVk,"Song('Cama y Mesa(Roberto Carlos)10004', 'https://youtu.be/3HUM3aoCyVk'),",Cama y Mesa(Roberto Carlos)10004,https://youtu.be/MkK0rOMeDgI,"Cover('Cama y Mesa(Roberto Carlos)10004', 'https://youtu.be/MkK0rOMeDgI'),","Tutoriales('Cama y Mesa(Roberto Carlos)10004', 'https://youtu.be/3HUM3aoCyVk'),"
10001,Canción de Otoño(José Luis Perales),https://youtu.be/9mjVds37sqM,"Song('Canción de Otoño(José Luis Perales)10001', 'https://youtu.be/9mjVds37sqM'),",Canción de Otoño(José Luis Perales)10001,,,"Tutoriales('Canción de Otoño(José Luis Perales)10001', 'https://youtu.be/9mjVds37sqM'),"
10056,Canción Para Tí(Frank Quintero),https://youtu.be/KX0LPkKGVhM,"Song('Canción Para Tí(Frank Quintero)10056', 'https://youtu.be/KX0LPkKGVhM'),",Canción Para Tí(Frank Quintero)10056,https://youtu.be/O53k4mJRATY,"Cover('Canción Para Tí(Frank Quintero)10056', 'https://youtu.be/O53k4mJRATY'),","Tutoriales('Canción Para Tí(Frank Quintero)10056', 'https://youtu.be/KX0LPkKGVhM'),"
10046,Chasing Cars(Snow Patrol),https://youtu.be/kQx9lhRofhM,"Song('Chasing Cars(Snow Patrol)10046', 'https://youtu.be/kQx9lhRofhM'),",Chasing Cars(Snow Patrol)10046,https://youtu.be/dF3dGyl5Ovw,"Cover('Chasing Cars(Snow Patrol)10046', 'https://youtu.be/dF3dGyl5Ovw'),","Tutoriales('Chasing Cars(Snow Patrol)10046', 'https://youtu.be/kQx9lhRofhM'),"
10035,Cielo(Benny Ibarra),https://youtu.be/StAHxy9mGuQ,"Song('Cielo(Benny Ibarra)10035', 'https://youtu.be/StAHxy9mGuQ'),",Cielo(Benny Ibarra)10035,https://youtu.be/-GJ-O4WL7as,"Cover('Cielo(Benny Ibarra)10035', 'https://youtu.be/-GJ-O4WL7as'),","Tutoriales('Cielo(Benny Ibarra)10035', 'https://youtu.be/StAHxy9mGuQ'),"
10058,Como Dueles en los Labios(Maná),https://youtu.be/MXrJC5xMqi4,"Song('Como Dueles en los Labios(Maná)10058', 'https://youtu.be/MXrJC5xMqi4'),",Como Dueles en los Labios(Maná)10058,https://youtu.be/lKaryGkX0Jg,"Cover('Como Dueles en los Labios(Maná)10058', 'https://youtu.be/lKaryGkX0Jg'),","Tutoriales('Como Dueles en los Labios(Maná)10058', 'https://youtu.be/MXrJC5xMqi4'),"
10071,Costumbres(Roberto Carlos),https://youtu.be/7KuGad5jsrY,"Song('Costumbres(Roberto Carlos)10071', 'https://youtu.be/7KuGad5jsrY'),",Costumbres(Roberto Carlos)10071,,,"Tutoriales('Costumbres(Roberto Carlos)10071', 'https://youtu.be/7KuGad5jsrY'),"
10019,Counting Blue Cars(Dishwalla),https://youtu.be/geE2hnxtWNU,"Song('Counting Blue Cars(Dishwalla)10019', 'https://youtu.be/geE2hnxtWNU'),",Counting Blue Cars(Dishwalla)10019,https://youtu.be/h2xIqD5UpqY,"Cover('Counting Blue Cars(Dishwalla)10019', 'https://youtu.be/h2xIqD5UpqY'),","Tutoriales('Counting Blue Cars(Dishwalla)10019', 'https://youtu.be/geE2hnxtWNU'),"
10040,Creo en Ti(Reik),https://youtu.be/jkdfDYo5WFs,"Song('Creo en Ti(Reik)10040', 'https://youtu.be/jkdfDYo5WFs'),",Creo en Ti(Reik)10040,https://youtu.be/9u1fo6z45Rg,"Cover('Creo en Ti(Reik)10040', 'https://youtu.be/9u1fo6z45Rg'),","Tutoriales('Creo en Ti(Reik)10040', 'https://youtu.be/jkdfDYo5WFs'),"
10031,Cuando Nadie Me Ve(Alejandro Sanz),https://youtu.be/mnNpEYPlld8,"Song('Cuando Nadie Me Ve(Alejandro Sanz)10031', 'https://youtu.be/mnNpEYPlld8'),",Cuando Nadie Me Ve(Alejandro Sanz)10031,https://youtu.be/oZ-GYgivpiQ,"Cover('Cuando Nadie Me Ve(Alejandro Sanz)10031', 'https://youtu.be/oZ-GYgivpiQ'),","Tutoriales('Cuando Nadie Me Ve(Alejandro Sanz)10031', 'https://youtu.be/mnNpEYPlld8'),"
10002,De Corazón a Corazón(Roberto Carlos),https://youtu.be/bWZ8KEa_VWs,"Song('De Corazón a Corazón(Roberto Carlos)10002', 'https://youtu.be/bWZ8KEa_VWs'),",De Corazón a Corazón(Roberto Carlos)10002,https://youtu.be/B5dkqKAz6Cc,"Cover('De Corazón a Corazón(Roberto Carlos)10002', 'https://youtu.be/B5dkqKAz6Cc'),","Tutoriales('De Corazón a Corazón(Roberto Carlos)10002', 'https://youtu.be/bWZ8KEa_VWs'),"
10044,Demons(Imagine Dragons),https://youtu.be/Kb62ppxS4Dg,"Song('Demons(Imagine Dragons)10044', 'https://youtu.be/Kb62ppxS4Dg'),",Demons(Imagine Dragons)10044,https://youtu.be/2YP-3ERYT08,"Cover('Demons(Imagine Dragons)10044', 'https://youtu.be/2YP-3ERYT08'),","Tutoriales('Demons(Imagine Dragons)10044', 'https://youtu.be/Kb62ppxS4Dg'),"
10067,Desde que llegaste(Reyli Barba),,"Song('Desde que llegaste(Reyli Barba)10067', ''),",Desde que llegaste(Reyli Barba)10067,https://youtu.be/2yLVMsyg6u0,"Cover('Desde que llegaste(Reyli Barba)10067', 'https://youtu.be/2yLVMsyg6u0'),","Tutoriales('Desde que llegaste(Reyli Barba)10067', ''),"
10057,Días de Junio(Yordano),https://youtu.be/UAoNwlB8EK8,"Song('Días de Junio(Yordano)10057', 'https://youtu.be/UAoNwlB8EK8'),",Días de Junio(Yordano)10057,https://youtu.be/dDgNfjLHNvM,"Cover('Días de Junio(Yordano)10057', 'https://youtu.be/dDgNfjLHNvM'),","Tutoriales('Días de Junio(Yordano)10057', 'https://youtu.be/UAoNwlB8EK8'),"
10016,Eden(Hooverphonic),https://youtu.be/K1ekFRbag_g,"Song('Eden(Hooverphonic)10016', 'https://youtu.be/K1ekFRbag_g'),",Eden(Hooverphonic)10016,https://youtu.be/GkQrFtjXMGM,"Cover('Eden(Hooverphonic)10016', 'https://youtu.be/GkQrFtjXMGM'),","Tutoriales('Eden(Hooverphonic)10016', 'https://youtu.be/K1ekFRbag_g'),"
10037,El día que me quieras(Roberto Carlos),https://youtu.be/rYpSIPlDA5w,"Song('El día que me quieras(Roberto Carlos)10037', 'https://youtu.be/rYpSIPlDA5w'),",El día que me quieras(Roberto Carlos)10037,https://youtu.be/7s69RXd07cc,"Cover('El día que me quieras(Roberto Carlos)10037', 'https://youtu.be/7s69RXd07cc'),","Tutoriales('El día que me quieras(Roberto Carlos)10037', 'https://youtu.be/rYpSIPlDA5w'),"
10045,Eres(Alejandro Fernández),https://youtu.be/MatG_JFgvqI,"Song('Eres(Alejandro Fernández)10045', 'https://youtu.be/MatG_JFgvqI'),",Eres(Alejandro Fernández)10045,https://youtu.be/Q1c5EnErx7I,"Cover('Eres(Alejandro Fernández)10045', 'https://youtu.be/Q1c5EnErx7I'),","Tutoriales('Eres(Alejandro Fernández)10045', 'https://youtu.be/MatG_JFgvqI'),"
10072,Fantasmas(Humbe),https://youtu.be/Bhl5Z0rEY5s,"Song('Fantasmas(Humbe)10072', 'https://youtu.be/Bhl5Z0rEY5s'),",Fantasmas(Humbe)10072,,"Cover('Fantasmas(Humbe)10072', ''),","Tutoriales('Fantasmas(Humbe)10072', 'https://youtu.be/Bhl5Z0rEY5s'),"
10017,Feel(Robbie Williams),https://youtu.be/CaHiYMYtMFA,"Song('Feel(Robbie Williams)10017', 'https://youtu.be/CaHiYMYtMFA'),",Feel(Robbie Williams)10017,https://youtu.be/N3FcxzQcIMI,"Cover('Feel(Robbie Williams)10017', 'https://youtu.be/N3FcxzQcIMI'),","Tutoriales('Feel(Robbie Williams)10017', 'https://youtu.be/CaHiYMYtMFA'),"
10012,Fluorescent Adolescent(Arctic Monkeys),https://youtu.be/tJHm9XC9k1I,"Song('Fluorescent Adolescent(Arctic Monkeys)10012', 'https://youtu.be/tJHm9XC9k1I'),",Fluorescent Adolescent(Arctic Monkeys)10012,,,"Tutoriales('Fluorescent Adolescent(Arctic Monkeys)10012', 'https://youtu.be/tJHm9XC9k1I'),"
10039,Fotografía(Juanes),https://youtu.be/Kxf2u2XdPlI,"Song('Fotografía(Juanes)10039', 'https://youtu.be/Kxf2u2XdPlI'),",Fotografía(Juanes)10039,https://youtu.be/v8SFTP8AZhg,"Cover('Fotografía(Juanes)10039', 'https://youtu.be/v8SFTP8AZhg'),","Tutoriales('Fotografía(Juanes)10039', 'https://youtu.be/Kxf2u2XdPlI'),"
10008,Gotas de Fuego(José José),https://youtu.be/BPeQnQ9qHow,"Song('Gotas de Fuego(José José)10008', 'https://youtu.be/BPeQnQ9qHow'),",Gotas de Fuego(José José)10008,https://youtu.be/kg8AxvnGpSs,"Cover('Gotas de Fuego(José José)10008', 'https://youtu.be/kg8AxvnGpSs'),","Tutoriales('Gotas de Fuego(José José)10008', 'https://youtu.be/BPeQnQ9qHow'),"
10052,Hoy Tengo Ganas de Tí(Miguel Gallardo),https://youtu.be/qm9mQop5iG4,"Song('Hoy Tengo Ganas de Tí(Miguel Gallardo)10052', 'https://youtu.be/qm9mQop5iG4'),",Hoy Tengo Ganas de Tí(Miguel Gallardo)10052,https://youtu.be/FpEO64qpyMk,"Cover('Hoy Tengo Ganas de Tí(Miguel Gallardo)10052', 'https://youtu.be/FpEO64qpyMk'),","Tutoriales('Hoy Tengo Ganas de Tí(Miguel Gallardo)10052', 'https://youtu.be/qm9mQop5iG4'),"
10034,La Condena(Elefante),https://youtu.be/W21NM_AxR-0,"Song('La Condena(Elefante)10034', 'https://youtu.be/W21NM_AxR-0'),",La Condena(Elefante)10034,https://youtu.be/RhKCcyj4K_Q,"Cover('La Condena(Elefante)10034', 'https://youtu.be/RhKCcyj4K_Q'),","Tutoriales('La Condena(Elefante)10034', 'https://youtu.be/W21NM_AxR-0'),"
10029,La Mujer que Amo(Roberto Carlos),https://youtu.be/JG08XMiDrVA,"Song('La Mujer que Amo(Roberto Carlos)10029', 'https://youtu.be/JG08XMiDrVA'),",La Mujer que Amo(Roberto Carlos)10029,https://youtu.be/UjpZs3g29RA,"Cover('La Mujer que Amo(Roberto Carlos)10029', 'https://youtu.be/UjpZs3g29RA'),","Tutoriales('La Mujer que Amo(Roberto Carlos)10029', 'https://youtu.be/JG08XMiDrVA'),"
10025,La Puerta Azul(Maná),https://youtu.be/U0rUnZ8FDng,"Song('La Puerta Azul(Maná)10025', 'https://youtu.be/U0rUnZ8FDng'),",La Puerta Azul(Maná)10025,https://youtu.be/YURktLzV95M,"Cover('La Puerta Azul(Maná)10025', 'https://youtu.be/YURktLzV95M'),","Tutoriales('La Puerta Azul(Maná)10025', 'https://youtu.be/U0rUnZ8FDng'),"
10018,La Que Me Gusta(Los Amigos Invisibles),https://youtu.be/4dgJMre6W38,"Song('La Que Me Gusta(Los Amigos Invisibles)10018', 'https://youtu.be/4dgJMre6W38'),",La Que Me Gusta(Los Amigos Invisibles)10018,https://youtu.be/Yquy0p86brc,"Cover('La Que Me Gusta(Los Amigos Invisibles)10018', 'https://youtu.be/Yquy0p86brc'),","Tutoriales('La Que Me Gusta(Los Amigos Invisibles)10018', 'https://youtu.be/4dgJMre6W38'),"
10049,Labios Rotos(Zoé),https://youtu.be/8iCzBug4Ayo,"Song('Labios Rotos(Zoé)10049', 'https://youtu.be/8iCzBug4Ayo'),",Labios Rotos(Zoé)10049,https://youtu.be/KGyuQV2GZmc,"Cover('Labios Rotos(Zoé)10049', 'https://youtu.be/KGyuQV2GZmc'),","Tutoriales('Labios Rotos(Zoé)10049', 'https://youtu.be/8iCzBug4Ayo'),"
10021,Llorona(Angela Aguilar),https://youtu.be/IGqptlXgtHM,"Song('Llorona(Angela Aguilar)10021', 'https://youtu.be/IGqptlXgtHM'),",Llorona(Angela Aguilar)10021,,,"Tutoriales('Llorona(Angela Aguilar)10021', 'https://youtu.be/IGqptlXgtHM'),"
10066,Luz de Día(Enanitos Verdes),,"Song('Luz de Día(Enanitos Verdes)10066', ''),",Luz de Día(Enanitos Verdes)10066,https://youtu.be/4brIpI8-enQ,"Cover('Luz de Día(Enanitos Verdes)10066', 'https://youtu.be/4brIpI8-enQ'),","Tutoriales('Luz de Día(Enanitos Verdes)10066', ''),"
10041,Mariposa Traicionera(Maná),https://youtu.be/H1MiFwQ5Q5o,"Song('Mariposa Traicionera(Maná)10041', 'https://youtu.be/H1MiFwQ5Q5o'),",Mariposa Traicionera(Maná)10041,https://youtu.be/nBTGA_Eo4UU,"Cover('Mariposa Traicionera(Maná)10041', 'https://youtu.be/nBTGA_Eo4UU'),","Tutoriales('Mariposa Traicionera(Maná)10041', 'https://youtu.be/H1MiFwQ5Q5o'),"
10048,Mi Novia Se Me Está Poniendo Vieja(Ricardo Arjona),https://youtu.be/uju1oqcNsBs,"Song('Mi Novia Se Me Está Poniendo Vieja(Ricardo Arjona)10048', 'https://youtu.be/uju1oqcNsBs'),",Mi Novia Se Me Está Poniendo Vieja(Ricardo Arjona)10048,https://youtu.be/6Pz1qDvHXDs,"Cover('Mi Novia Se Me Está Poniendo Vieja(Ricardo Arjona)10048', 'https://youtu.be/6Pz1qDvHXDs'),","Tutoriales('Mi Novia Se Me Está Poniendo Vieja(Ricardo Arjona)10048', 'https://youtu.be/uju1oqcNsBs'),"
10003,Mi Verdad (Maná &Shakira),https://youtu.be/y7B1JWhArNk,"Song('Mi Verdad (Maná &Shakira)10003', 'https://youtu.be/y7B1JWhArNk'),",Mi Verdad (Maná &Shakira)10003,https://youtu.be/fkopb9erZg8,"Cover('Mi Verdad (Maná &Shakira)10003', 'https://youtu.be/fkopb9erZg8'),","Tutoriales('Mi Verdad (Maná &Shakira)10003', 'https://youtu.be/y7B1JWhArNk'),"
10050,Nada(Zoé),https://youtu.be/jPsInIIRfBo,"Song('Nada(Zoé)10050', 'https://youtu.be/jPsInIIRfBo'),",Nada(Zoé)10050,https://youtu.be/uBSWrcjSgbY,"Cover('Nada(Zoé)10050', 'https://youtu.be/uBSWrcjSgbY'),","Tutoriales('Nada(Zoé)10050', 'https://youtu.be/jPsInIIRfBo'),"
10032,Never Tear Us Apart(INXS),https://youtu.be/JH9IfvqIZTs,"Song('Never Tear Us Apart(INXS)10032', 'https://youtu.be/JH9IfvqIZTs'),",Never Tear Us Apart(INXS)10032,https://youtu.be/QUY2LzIIIyU,"Cover('Never Tear Us Apart(INXS)10032', 'https://youtu.be/QUY2LzIIIyU'),","Tutoriales('Never Tear Us Apart(INXS)10032', 'https://youtu.be/JH9IfvqIZTs'),"
10028,No Me Destruyas(Zoé),https://youtu.be/VvYfpoM1F5M,"Song('No Me Destruyas(Zoé)10028', 'https://youtu.be/VvYfpoM1F5M'),",No Me Destruyas(Zoé)10028,https://youtu.be/DxNGkbHHTJM,"Cover('No Me Destruyas(Zoé)10028', 'https://youtu.be/DxNGkbHHTJM'),","Tutoriales('No Me Destruyas(Zoé)10028', 'https://youtu.be/VvYfpoM1F5M'),"
10047,No Te Apartes de Mí(Vicentico),https://youtu.be/y9yRBehpwno,"Song('No Te Apartes de Mí(Vicentico)10047', 'https://youtu.be/y9yRBehpwno'),",No Te Apartes de Mí(Vicentico)10047,https://youtu.be/zNDiNdLomVc,"Cover('No Te Apartes de Mí(Vicentico)10047', 'https://youtu.be/zNDiNdLomVc'),","Tutoriales('No Te Apartes de Mí(Vicentico)10047', 'https://youtu.be/y9yRBehpwno'),"
10043,Para Empezar(Leonel García),https://youtu.be/Yo-ESz0LikY,"Song('Para Empezar(Leonel García)10043', 'https://youtu.be/Yo-ESz0LikY'),",Para Empezar(Leonel García)10043,https://youtu.be/jsarh8UwVPk,"Cover('Para Empezar(Leonel García)10043', 'https://youtu.be/jsarh8UwVPk'),","Tutoriales('Para Empezar(Leonel García)10043', 'https://youtu.be/Yo-ESz0LikY'),"
10023,Para Que Tú No Llores(Antonio Carmona),https://youtu.be/8J5EeORZFlI,"Song('Para Que Tú No Llores(Antonio Carmona)10023', 'https://youtu.be/8J5EeORZFlI'),",Para Que Tú No Llores(Antonio Carmona)10023,https://youtu.be/4jXlwS-2kdU,"Cover('Para Que Tú No Llores(Antonio Carmona)10023', 'https://youtu.be/4jXlwS-2kdU'),","Tutoriales('Para Que Tú No Llores(Antonio Carmona)10023', 'https://youtu.be/8J5EeORZFlI'),"
10010,Perdón(Vicente&Alejandro Fernandez),https://youtu.be/WVJCyfp4oG4,"Song('Perdón(Vicente&Alejandro Fernandez)10010', 'https://youtu.be/WVJCyfp4oG4'),",Perdón(Vicente&Alejandro Fernandez)10010,https://youtu.be/W-kJTPweBIQ,"Cover('Perdón(Vicente&Alejandro Fernandez)10010', 'https://youtu.be/W-kJTPweBIQ'),","Tutoriales('Perdón(Vicente&Alejandro Fernandez)10010', 'https://youtu.be/WVJCyfp4oG4'),"
10026,Piel Canela(CUCO),https://youtu.be/K9NW_Ox71-o,"Song('Piel Canela(CUCO)10026', 'https://youtu.be/K9NW_Ox71-o'),",Piel Canela(CUCO)10026,,,"Tutoriales('Piel Canela(CUCO)10026', 'https://youtu.be/K9NW_Ox71-o'),"
10013,Piensa en Mí(Liran Roll),https://youtu.be/tBv31WKBKX8,"Song('Piensa en Mí(Liran Roll)10013', 'https://youtu.be/tBv31WKBKX8'),",Piensa en Mí(Liran Roll)10013,,,"Tutoriales('Piensa en Mí(Liran Roll)10013', 'https://youtu.be/tBv31WKBKX8'),"
10000,Por Amor(Roberto Carlos),https://youtu.be/MP2DLpEbgHU,"Song('Por Amor(Roberto Carlos)10000', 'https://youtu.be/MP2DLpEbgHU'),",Por Amor(Roberto Carlos)10000,,,"Tutoriales('Por Amor(Roberto Carlos)10000', 'https://youtu.be/MP2DLpEbgHU'),"
10062,Pupilas Lejanas(Los Pericos),https://youtu.be/WjQvw78uVoA,"Song('Pupilas Lejanas(Los Pericos)10062', 'https://youtu.be/WjQvw78uVoA'),",Pupilas Lejanas(Los Pericos)10062,https://youtu.be/SFFnitivYwg,"Cover('Pupilas Lejanas(Los Pericos)10062', 'https://youtu.be/SFFnitivYwg'),","Tutoriales('Pupilas Lejanas(Los Pericos)10062', 'https://youtu.be/WjQvw78uVoA'),"
10054,Que Lloro(Sin Bandera),https://youtu.be/aYaNBDcOtfY,"Song('Que Lloro(Sin Bandera)10054', 'https://youtu.be/aYaNBDcOtfY'),",Que Lloro(Sin Bandera)10054,https://youtu.be/CaQLHL0m_h0,"Cover('Que Lloro(Sin Bandera)10054', 'https://youtu.be/CaQLHL0m_h0'),","Tutoriales('Que Lloro(Sin Bandera)10054', 'https://youtu.be/aYaNBDcOtfY'),"
10060,Rayando el Sol(Maná),https://youtu.be/MX8rpuQ-wf0,"Song('Rayando el Sol(Maná)10060', 'https://youtu.be/MX8rpuQ-wf0'),",Rayando el Sol(Maná)10060,https://youtu.be/ikSiAx5MzJ8,"Cover('Rayando el Sol(Maná)10060', 'https://youtu.be/ikSiAx5MzJ8'),","Tutoriales('Rayando el Sol(Maná)10060', 'https://youtu.be/MX8rpuQ-wf0'),"
10063,Recuerdas(Leonel García),https://youtu.be/jZfndSPDvR8,"Song('Recuerdas(Leonel García)10063', 'https://youtu.be/jZfndSPDvR8'),",Recuerdas(Leonel García)10063,https://youtu.be/8DlglnZdLHQ,"Cover('Recuerdas(Leonel García)10063', 'https://youtu.be/8DlglnZdLHQ'),","Tutoriales('Recuerdas(Leonel García)10063', 'https://youtu.be/jZfndSPDvR8'),"
10059,Reloj Cucú(Maná),https://youtu.be/gX4qDkTj-5c,"Song('Reloj Cucú(Maná)10059', 'https://youtu.be/gX4qDkTj-5c'),",Reloj Cucú(Maná)10059,https://youtu.be/DOj9OsqFpT0,"Cover('Reloj Cucú(Maná)10059', 'https://youtu.be/DOj9OsqFpT0'),","Tutoriales('Reloj Cucú(Maná)10059', 'https://youtu.be/gX4qDkTj-5c'),"
10064,Rock and Roll(La Gusana CIega),https://youtu.be/I6sEYaJOA3Y,"Song('Rock and Roll(La Gusana CIega)10064', 'https://youtu.be/I6sEYaJOA3Y'),",Rock and Roll(La Gusana CIega)10064,,,"Tutoriales('Rock and Roll(La Gusana CIega)10064', 'https://youtu.be/I6sEYaJOA3Y'),"
10070,Rue Vieille Du Temple (León Larregui),,"Song('Rue Vieille Du Temple (León Larregui)10070', ''),",Rue Vieille Du Temple (León Larregui)10070,https://youtu.be/DotWx-ztGDc,"Cover('Rue Vieille Du Temple (León Larregui)10070', 'https://youtu.be/DotWx-ztGDc'),","Tutoriales('Rue Vieille Du Temple (León Larregui)10070', ''),"
10006,San Miguel(La Gusana Ciega),https://youtu.be/KRPp9HB4d7o,"Song('San Miguel(La Gusana Ciega)10006', 'https://youtu.be/KRPp9HB4d7o'),",San Miguel(La Gusana Ciega)10006,,,"Tutoriales('San Miguel(La Gusana Ciega)10006', 'https://youtu.be/KRPp9HB4d7o'),"
10011,Siempre Me Quedará(BEBE),https://youtu.be/sJsvvFu0NJo,"Song('Siempre Me Quedará(BEBE)10011', 'https://youtu.be/sJsvvFu0NJo'),",Siempre Me Quedará(BEBE)10011,,,"Tutoriales('Siempre Me Quedará(BEBE)10011', 'https://youtu.be/sJsvvFu0NJo'),"
10038,Sin Cadenas(Los Pericos),https://youtu.be/Vg9gDwikMQ8,"Song('Sin Cadenas(Los Pericos)10038', 'https://youtu.be/Vg9gDwikMQ8'),",Sin Cadenas(Los Pericos)10038,https://youtu.be/0h-XAOB881I,"Cover('Sin Cadenas(Los Pericos)10038', 'https://youtu.be/0h-XAOB881I'),","Tutoriales('Sin Cadenas(Los Pericos)10038', 'https://youtu.be/Vg9gDwikMQ8'),"
10036,Sin Ti(Benny Ibarra),https://youtu.be/z8_-GjAqXiI,"Song('Sin Ti(Benny Ibarra)10036', 'https://youtu.be/z8_-GjAqXiI'),",Sin Ti(Benny Ibarra)10036,https://youtu.be/JBZfJueYzS8,"Cover('Sin Ti(Benny Ibarra)10036', 'https://youtu.be/JBZfJueYzS8'),","Tutoriales('Sin Ti(Benny Ibarra)10036', 'https://youtu.be/z8_-GjAqXiI'),"
10015,Stop Crying Your Heart Out(Oasis),https://youtu.be/1a_Hiv8lNK4,"Song('Stop Crying Your Heart Out(Oasis)10015', 'https://youtu.be/1a_Hiv8lNK4'),",Stop Crying Your Heart Out(Oasis)10015,https://youtu.be/Hu3m-HYskWk,"Cover('Stop Crying Your Heart Out(Oasis)10015', 'https://youtu.be/Hu3m-HYskWk'),","Tutoriales('Stop Crying Your Heart Out(Oasis)10015', 'https://youtu.be/1a_Hiv8lNK4'),"
10055,Tabaco y Chanel(Bacilos),https://youtu.be/7lkxfbMl2PY,"Song('Tabaco y Chanel(Bacilos)10055', 'https://youtu.be/7lkxfbMl2PY'),",Tabaco y Chanel(Bacilos)10055,https://youtu.be/foNxf8ODx7U,"Cover('Tabaco y Chanel(Bacilos)10055', 'https://youtu.be/foNxf8ODx7U'),","Tutoriales('Tabaco y Chanel(Bacilos)10055', 'https://youtu.be/7lkxfbMl2PY'),"
10033,Te Quiero(Hombres G),https://youtu.be/BC3TDCk0jq0,"Song('Te Quiero(Hombres G)10033', 'https://youtu.be/BC3TDCk0jq0'),",Te Quiero(Hombres G)10033,https://youtu.be/FnCt-MfrrKE,"Cover('Te Quiero(Hombres G)10033', 'https://youtu.be/FnCt-MfrrKE'),","Tutoriales('Te Quiero(Hombres G)10033', 'https://youtu.be/BC3TDCk0jq0'),"
10053,Un Día Normal(Juanes),https://youtu.be/9B1amnu264s,"Song('Un Día Normal(Juanes)10053', 'https://youtu.be/9B1amnu264s'),",Un Día Normal(Juanes)10053,https://youtu.be/RTAVCNDgk-E,"Cover('Un Día Normal(Juanes)10053', 'https://youtu.be/RTAVCNDgk-E'),","Tutoriales('Un Día Normal(Juanes)10053', 'https://youtu.be/9B1amnu264s'),"
10027,Un Gato en la Obscuridad(Roberto Carlos),https://youtu.be/0nF9uNq7aeA,"Song('Un Gato en la Obscuridad(Roberto Carlos)10027', 'https://youtu.be/0nF9uNq7aeA'),",Un Gato en la Obscuridad(Roberto Carlos)10027,https://youtu.be/GSJH2fEE40M,"Cover('Un Gato en la Obscuridad(Roberto Carlos)10027', 'https://youtu.be/GSJH2fEE40M'),","Tutoriales('Un Gato en la Obscuridad(Roberto Carlos)10027', 'https://youtu.be/0nF9uNq7aeA'),"
10020,Vamos a darnos tiempo(José José),https://youtu.be/DM8XmUPz5nc,"Song('Vamos a darnos tiempo(José José)10020', 'https://youtu.be/DM8XmUPz5nc'),",Vamos a darnos tiempo(José José)10020,https://youtu.be/3n2_2YQpXjA,"Cover('Vamos a darnos tiempo(José José)10020', 'https://youtu.be/3n2_2YQpXjA'),","Tutoriales('Vamos a darnos tiempo(José José)10020', 'https://youtu.be/DM8XmUPz5nc'),"
10005,Yo Nací Para Amarte(Alejandro Fernández),https://youtu.be/Ok4GtFUXfzU,"Song('Yo Nací Para Amarte(Alejandro Fernández)10005', 'https://youtu.be/Ok4GtFUXfzU'),",Yo Nací Para Amarte(Alejandro Fernández)10005,https://youtu.be/To6phz0rUy0,"Cover('Yo Nací Para Amarte(Alejandro Fernández)10005', 'https://youtu.be/To6phz0rUy0'),","Tutoriales('Yo Nací Para Amarte(Alejandro Fernández)10005', 'https://youtu.be/Ok4GtFUXfzU'),"
10061,Yo Te Propongo(Roberto Carlos),https://youtu.be/Dl0HAKZDiAM,"Song('Yo Te Propongo(Roberto Carlos)10061', 'https://youtu.be/Dl0HAKZDiAM'),",Yo Te Propongo(Roberto Carlos)10061,https://youtu.be/n312v7ANFHQ,"Cover('Yo Te Propongo(Roberto Carlos)10061', 'https://youtu.be/n312v7ANFHQ'),","Tutoriales('Yo Te Propongo(Roberto Carlos)10061', 'https://youtu.be/Dl0HAKZDiAM'),"
10073,You have been loved(George Michael),https://youtu.be/V7wM9iVqA4E,"Song('You have been loved(George Michael)10073', 'https://youtu.be/V7wM9iVqA4E'),",You have been loved(George Michael)10073,,,"Tutoriales('You have been loved(George Michael)10073', 'https://youtu.be/V7wM9iVqA4E'),"
10074,,,,,,,
10075,,,,,,,
10076,,,,,,,
10077,,,,,,,
10078,,,,,,,
10079,,,,,,,
10080,,,,,,,
10081,,,,,,,
10082,,,,,,,
10083,,,,,,,
10084,,,,,,,
10085,,,,,,,
10086,,,,,,,
10087,,,,,,,
10088,,,,,,,
10089,,,,,,,
10090,,,,,,,
10091,,,,,,,
10092,,,,,,,
10093,,,,,,,
10094,,,,,,,
10095,,,,,,,
10096,,,,,,,
10097,,,,,,,
10098,,,,,,,
10099,,,,,,,
10100,,,,,,,
10101,,,,,,,
10102,,,,,,,
10103,,,,,,,
10104,,,,,,,
10105,,,,,,,
10106,,,,,,,
10107,,,,,,,
10108,,,,,,,
10109,,,,,,,
10110,,,,,,,
10111,,,,,,,
10112,,,,,,,
10113,,,,,,,
10114,,,,,,,
10115,,,,,,,
10116,,,,,,,
10117,,,,,,,
10118,,,,,,,
10119,,,,,,,
10120,,,,,,,
10121,,,,,,,
10122,,,,,,,
10123,,,,,,,
10124,,,,,,,
10125,,,,,,,
10126,,,,,,,
10127,,,,,,,
10128,,,,,,,
10129,,,,,,,
10130,,,,,,,
10131,,,,,,,
10132,,,,,,,
10133,,,,,,,
10134,,,,,,,
10135,,,,,,,
10136,,,,,,,
10137,,,,,,,
10138,,,,,,,
10139,,,,,,,
10140,,,,,,,
10141,,,,,,,
10142,,,,,,,
10143,,,,,,,
10144,,,,,,,
10145,,,,,,,
10146,,,,,,,
10147,,,,,,,
10148,,,,,,,
10149,,,,,,,
10150,,,,,,,
10151,,,,,,,
10152,,,,,,,
10153,,,,,,,
10154,,,,,,,
10155,,,,,,,
10156,,,,,,,
10157,,,,,,,
10158,,,,,,,
10159,,,,,,,
10160,,,,,,,
10161,,,,,,,
10162,,,,,,,
10163,,,,,,,
10164,,,,,,,
10165,,,,,,,
10166,,,,,,,
10167,,,,,,,
10168,,,,,,,
10169,,,,,,,
10170,,,,,,,
10171,,,,,,,
10172,,,,,,,
10173,,,,,,,
10174,,,,,,,
10175,,,,,,,
10176,,,,,,,
10177,,,,,,,
10178,,,,,,,
10179,,,,,,,
10180,,,,,,,
10181,,,,,,,
10182,,,,,,,
10183,,,,,,,
10184,,,,,,,
10185,,,,,,,
10186,,,,,,,
10187,,,,,,,
10188,,,,,,,
10189,,,,,,,
10190,,,,,,,
10191,,,,,,,
10192,,,,,,,
10193,,,,,,,
10194,,,,,,,
10195,,,,,,,
10196,,,,,,,
10197,,,,,,,
10198,,,,,,,
10199,,,,,,,
10200,,,,,,,
10201,,,,,,,
10202,,,,,,,
10203,,,,,,,
10204,,,,,,,
10205,,,,,,,
10206,,,,,,,
10207,,,,,,,
10208,,,,,,,
10209,,,,,,,
10210,,,,,,,
10211,,,,,,,
10212,,,,,,,
10213,,,,,,,
10214,,,,,,,
10215,,,,,,,
10216,,,,,,,
10217,,,,,,,
10218,,,,,,,
10219,,,,,,,
10220,,,,,,,
10221,,,,,,,
10222,,,,,,,
10223,,,,,,,
10224,,,,,,,
10225,,,,,,,
10226,,,,,,,
10227,,,,,,,
10228,,,,,,,
10229,,,,,,,
10230,,,,,,,
10231,,,,,,,
10232,,,,,,,
10233,,,,,,,
10234,,,,,,,
10235,,,,,,,
10236,,,,,,,
10237,,,,,,,
10238,,,,,,,
10239,,,,,,,
10240,,,,,,,
10241,,,,,,,
10242,,,,,,,
10243,,,,,,,
10244,,,,,,,
10245,,,,,,,
10246,,,,,,,
10247,,,,,,,
10248,,,,,,,
10249,,,,,,,
10250,,,,,,,
10251,,,,,,,
10252,,,,,,,
10253,,,,,,,
10254,,,,,,,
10255,,,,,,,
10256,,,,,,,
10257,,,,,,,
10258,,,,,,,
10259,,,,,,,
10260,,,,,,,
10261,,,,,,,
10262,,,,,,,
10263,,,,,,,
10264,,,,,,,
10265,,,,,,,
10266,,,,,,,
10267,,,,,,,
10268,,,,,,,
10269,,,,,,,
10270,,,,,,,
10271,,,,,,,
10272,,,,,,,
10273,,,,,,,
10274,,,,,,,
10275,,,,,,,
10276,,,,,,,
10277,,,,,,,
10278,,,,,,,
10279,,,,,,,
10280,,,,,,,
10281,,,,,,,
10282,,,,,,,
10283,,,,,,,
10284,,,,,,,
10285,,,,,,,
10286,,,,,,,
10287,,,,,,,
10288,,,,,,,
10289,,,,,,,
10290,,,,,,,
10291,,,,,,,
10292,,,,,,,
10293,,,,,,,
10294,,,,,,,
10295,,,,,,,
10296,,,,,,,
10297,,,,,,,
10298,,,,,,,
10299,,,,,,,
10300,,,,,,,
10301,,,,,,,
10302,,,,,,,
10303,,,,,,,
10304,,,,,,,
10305,,,,,,,
10306,,,,,,,
10307,,,,,,,
10308,,,,,,,
10309,,,,,,,
10310,,,,,,,
10311,,,,,,,
10312,,,,,,,
10313,,,,,,,
10314,,,,,,,
10315,,,,,,,
10316,,,,,,,
10317,,,,,,,
10318,,,,,,,
10319,,,,,,,
10320,,,,,,,
10321,,,,,,,
10322,,,,,,,
10323,,,,,,,
10324,,,,,,,
10325,,,,,,,
10326,,,,,,,
10327,,,,,,,
10328,,,,,,,
10329,,,,,,,
10330,,,,,,,
10331,,,,,,,
10332,,,,,,,
10333,,,,,,,
10334,,,,,,,
10335,,,,,,,
10336,,,,,,,
10337,,,,,,,
10338,,,,,,,
10339,,,,,,,
10340,,,,,,,
10341,,,,,,,
10342,,,,,,,
10343,,,,,,,
10344,,,,,,,
10345,,,,,,,
